velocidad:	9,732m/s
impactor:	3,5kg
ángulo:	50º
HIC:	472.3
Impacto en medio del capó	
tiempo	X	Y	Z
000000000000TI00	D0HEAD0000PCACXP	D0HEAD0000PCACYP	D0HEAD0000PCACZP
-0.005	-0.036214925	-0.025455503	0.015068192
-0.00495	-0.004023887	0.039399238	-0.033538859
-0.0049	-0.052310444	-0.009241788	-0.001134139
-0.00485	-0.036214925	-0.025455503	-0.06594358
-0.0048	-0.052310444	0.023185582	-0.082145911
-0.00475	-0.036214925	0.023185582	-0.06594358
-0.0047	-0.036214925	-0.009241788	-0.033538859
-0.00465	0.028167166	0.006971867	-0.033538859
-0.0046	0.092549257	-0.041669159	-0.033538859
-0.00455	0.060358204	-0.009241788	-0.033538859
-0.0045	0.044262685	0.006971867	-0.033538859
-0.00445	-0.036214925	0.071826608	0.047472913
-0.0044	-0.036214925	0.023185582	0.047472913
-0.00435	0.012071647	-0.009241788	0.047472913
-0.0043	0.028167166	0.006971867	0.096079964
-0.00425	0.076453731	0.055612953	0.031270522
-0.0042	0.060358204	-0.041669159	0.015068192
-0.00415	-0.004023887	-0.009241788	-0.001134139
-0.0041	0.012071647	-0.025455503	-0.06594358
-0.00405	-0.004023887	-0.090310245	-0.146955352
-0.004	-0.004023887	-0.074096529	-0.146955352
-0.00395	-0.020119406	0.006971867	-0.04974125
-0.0039	-0.004023887	-0.057882874	-0.098348301
-0.00385	-0.052310444	0.039399238	-0.098348301
-0.0038	0.028167166	0.088040323	-0.06594358
-0.00375	-0.036214925	-0.009241788	-0.001134139
-0.0037	0.012071647	0.006971867	0.063675243
-0.00365	-0.036214925	-0.009241788	0.015068192
-0.0036	-0.004023887	-0.041669159	0.063675243
-0.00355	-0.004023887	0.023185582	0.096079964
-0.0035	0.044262685	0.039399238	0.144687015
-0.00345	0.076453731	0.088040323	0.079877574
-0.0034	0.044262685	0.023185582	0.047472913
-0.00335	0.028167166	-0.009241788	-0.033538859
-0.0033	0.028167166	-0.025455503	-0.082145911
-0.00325	-0.036214925	-0.057882874	-0.04974125
-0.0032	-0.020119406	-0.025455503	-0.017336529
-0.00315	0.012071647	-0.009241788	0.015068192
-0.0031	-0.052310444	-0.009241788	-0.033538859
-0.00305	0.012071647	0.023185582	-0.04974125
-0.003	0.028167166	0.023185582	-0.001134139
-0.00295	0.028167166	0.088040323	0.015068192
-0.0029	-0.004023887	0.071826608	0.015068192
-0.00285	0.060358204	-0.025455503	-0.033538859
-0.0028	-0.020119406	0.039399238	-0.082145911
-0.00275	-0.036214925	0.055612953	-0.114550632
-0.0027	-0.068405963	0.055612953	-0.001134139
-0.00265	-0.068405963	-0.009241788	0.015068192
-0.0026	-0.020119406	0.006971867	0.063675243
-0.00255	0.076453731	-0.009241788	0.047472913
-0.0025	0.012071647	-0.041669159	-0.001134139
-0.00245	0.028167166	-0.041669159	-0.06594358
-0.0024	0.028167166	0.088040323	-0.04974125
-0.00235	-0.004023887	0.104253979	-0.04974125
-0.0023	-0.004023887	0.152895064	0.015068192
-0.00225	0.012071647	0.088040323	-0.017336529
-0.0022	0.060358204	-0.041669159	0.015068192
-0.00215	0.028167166	-0.074096529	-0.017336529
-0.0021	-0.036214925	-0.122737615	-0.017336529
-0.00205	-0.068405963	-0.090310245	0.031270522
-0.002	-0.052310444	-0.074096529	0.015068192
-0.00195	-0.068405963	-0.074096529	-0.017336529
-0.0019	-0.068405963	-0.041669159	-0.017336529
-0.00185	-0.036214925	-0.041669159	-0.001134139
-0.0018	-0.020119406	-0.041669159	-0.017336529
-0.00175	0.012071647	0.006971867	0.015068192
-0.0017	-0.004023887	0.039399238	0.047472913
-0.00165	0.012071647	0.039399238	0.031270522
-0.0016	0.028167166	-0.009241788	-0.001134139
-0.00155	-0.004023887	0.039399238	0.015068192
-0.0015	0.060358204	0.039399238	0.015068192
-0.00145	-0.004023887	0.055612953	0.031270522
-0.0014	-0.004023887	-0.009241788	0.079877574
-0.00135	0.012071647	-0.025455503	0.047472913
-0.0013	0.028167166	0.006971867	-0.033538859
-0.00125	0.028167166	0.006971867	-0.033538859
-0.0012	0.076453731	-0.009241788	-0.04974125
-0.00115	-0.036214925	-0.025455503	0.015068192
-0.0011	-0.020119406	0.055612953	0.031270522
-0.00105	-0.004023887	0.055612953	0.063675243
-0.001	-0.020119406	0.023185582	0.047472913
-0.00095	0.012071647	0.023185582	0.015068192
-0.0009	-0.004023887	-0.009241788	0.015068192
-0.00085	-0.004023887	0.006971867	0.031270522
-0.0008	-0.052310444	-0.041669159	-0.017336529
-0.00075	-0.068405963	-0.090310245	0.063675243
-0.0007	-0.020119406	-0.074096529	-0.001134139
-0.00065	0.028167166	-0.041669159	0.015068192
-0.0006	0.012071647	0.006971867	0.079877574
-0.00055	0.028167166	-0.009241788	0.031270522
-0.0005	0.044262685	-0.041669159	0.047472913
-0.00045	-0.004023887	-0.025455503	-0.017336529
-0.0004	0.028167166	0.039399238	0.047472913
-0.00035	-0.020119406	-0.025455503	0.079877574
-0.0003	-0.036214925	-0.009241788	0.063675243
-0.00025	-0.084501482	-0.025455503	0.063675243
-0.0002	-0.004023887	-0.041669159	0.031270522
-0.00015	0.028167166	0.023185582	0.031270522
-0.0001	0.060358204	0.006971867	-0.04974125
-5.00E-05	0.012071647	0.023185582	-0.04974125
0	0.012071647	-0.009241788	-0.001134139
5.00E-05	-0.004023887	-0.057882874	0.063675243
0.0001	0.108644776	-0.138951271	0.177091736
0.00015	0.076453731	-0.090310245	0.792781126
0.0002	0.543223881	-1.160413473	2.688456435
0.00025	2.088393979	-3.268192618	5.345642228
0.0003	3.826710396	-4.030235856	7.905614037
0.00035	4.486627035	-3.754602997	10.06052699
0.0004	4.100334339	-4.241013615	12.00480952
0.00045	4.180811815	-4.159945338	14.678198
0.0005	4.341767244	-4.241013615	17.87006201
0.00055	3.90718811	-4.468005269	21.22394766
0.0006	3.102411919	-3.900526373	24.95048918
0.00065	2.41030448	-3.851885169	29.24411215
0.0007	1.879152231	-4.386936753	34.39646162
0.00075	1.187044792	-4.954415886	40.0834886
0.0008	0.5593194	-5.878595917	46.41860594
0.00085	0.20521791	-6.770348637	53.15878691
0.0009	-0.004023887	-7.224331944	60.17440428
0.00095	-0.406411953	-7.499964325	67.15761961
0.001	-0.937564201	-7.808024495	74.15703215
0.00105	-1.178996987	-7.516178219	81.0106317
0.0011	-1.452620931	-7.240545361	87.49157347
0.00115	-2.048155136	-6.818989842	93.32442107
0.0012	-2.498829908	-5.797527401	98.42815794
0.00125	-3.046077557	-4.613928406	102.5273553
0.0013	-3.834758348	-3.3979021	105.5896036
0.00135	-4.591247625	-1.776533453	107.7931177
0.0014	-5.396023817	-0.349729179	109.3161432
0.00145	-6.506614752	0.736587675	110.3206903
0.0015	-7.697683401	1.790477188	110.9363748
0.00155	-8.486363955	2.828153045	111.2604257
0.0016	-8.904847689	3.687478454	111.3738367
0.00165	-9.242853708	4.465735347	111.2442209
0.0017	-9.452095575	4.887291343	110.9363748
0.00175	-9.387713022	5.308846862	110.3530923
0.0018	-9.19456727	5.746616275	109.6239892
0.00185	-9.097994394	5.681761653	108.7976648
0.0019	-9.065803118	5.714188964	107.9551431
0.00195	-9.081898279	5.600693138	107.2746469
0.002	-9.081898279	5.24399224	106.561741
0.00205	-9.049707003	4.952145965	105.9298517
0.0021	-9.01751668	4.952145965	105.1521341
0.00215	-9.162375994	4.90350476	104.0503732
0.0022	-9.419904299	4.887291343	102.8352014
0.00225	-9.645241327	4.854863555	101.7172357
0.0023	-9.613051004	4.741368206	100.7775003
0.00235	-9.677432604	4.741368206	99.96738066
0.0024	-10.01543862	4.838650138	99.15726866
0.00245	-10.16029889	4.919718654	98.10411467
0.0025	-10.0476299	4.952145965	96.88893523
0.00255	-9.983247347	4.952145965	95.78717436
0.0026	-10.03153474	4.595444591	94.7502252
0.00265	-10.03153474	4.076606662	94.02112212
0.0027	-9.854483194	3.800974281	93.56745543
0.00275	-9.757910318	3.76854697	92.96796812
0.0028	-9.77400548	3.963111312	92.23886504
0.00285	-9.886674471	4.222530277	91.29912199
0.0029	-10.07982118	4.368453414	90.19736113
0.00295	-10.09591634	4.481949241	88.99839415
0.003	-10.09591634	4.481949241	87.65359892
0.00305	-10.27296693	4.546803863	86.14677824
0.0031	-10.30515821	4.546803863	84.78577818
0.00315	-10.03153474	4.449521453	83.71642699
0.0032	-9.790101595	4.238743694	82.87389769
0.00325	-9.693528719	3.946897418	82.20960631
0.0033	-9.70962388	3.687478454	81.78834166
0.00335	-9.564764566	3.411845596	81.48049559
0.0034	-9.468190737	3.103785665	81.18885436
0.00345	-9.452095575	2.909221561	80.60557188
0.0035	-9.500382013	2.795725734	79.69823851
0.00355	-9.693528719	2.795725734	78.35344328
0.0036	-9.757910318	2.925435216	76.71700682
0.00365	-9.822292871	3.038931043	74.98335661
0.0037	-9.822292871	2.860580595	73.10388579
0.00375	-9.854483194	2.649802597	71.28921904
0.0038	-9.822292871	2.390383632	69.29632964
0.00385	-9.77400548	2.212033184	67.25483336
0.0039	-9.645241327	2.082323701	65.26194395
0.00395	-9.596954889	1.871545703	63.26905455
0.004	-9.387713022	1.693195255	61.40578474
0.00405	-9.114089556	1.482417257	59.5263101
0.0041	-8.92094285	1.271639378	57.56582655
0.00415	-8.74389226	1.125716121	55.63774504
0.0042	-8.550746508	0.639305623	53.70966734
0.00425	-8.309313364	0.233963461	51.97601332
0.0043	-8.019593782	0.006971867	50.20995726
0.00435	-7.874734468	-0.268660753	48.4439012
0.0044	-7.633301325	-0.398370235	46.77505888
0.00445	-7.295295305	-0.511866047	45.44646468
0.0045	-6.925098486	-0.771285004	44.19888319
0.00455	-6.52271039	-1.063131331	42.9999124
0.0046	-6.393946238	-1.354977696	41.78473296
0.00465	-6.072035856	-1.61439666	40.69917693
0.0047	-5.717934198	-2.084593503	39.75944151
0.00475	-5.396023817	-2.619645088	38.78730025
0.0048	-5.138495512	-3.284406273	37.79895415
0.00485	-4.864871569	-3.997808306	37.1022531
0.0049	-4.510769911	-4.824706166	36.85921874
0.00495	-4.140573092	-5.797527401	37.00503935
0.005	-3.770376034	-6.608211606	37.06985106
0.00505	-3.577229805	-7.305399983	37.02124419
0.0051	-3.384083576	-7.775597184	36.84301772
0.00515	-3.3197015	-8.359289734	36.74580397
0.0052	-3.207032747	-8.975409596	36.64858641
0.00525	-3.078268595	-9.364538281	36.5675775
0.0053	-2.98169548	-9.769880383	36.48656477
0.00535	-2.869026966	-10.27250489	36.34074416
0.0054	-2.563211985	-10.79134282	36.50276579
0.00545	-2.209110327	-11.45610341	36.77820601
0.0055	-1.935486622	-11.97494134	36.95643248
0.00555	-1.855008907	-12.10465059	36.9726335
0.0056	-1.710149236	-12.49377927	37.00503935
0.00565	-1.404334373	-13.20718202	37.42630019
0.0057	-0.985850759	-13.95301065	38.17160811
0.00575	-0.583462663	-15.02311429	39.14374937
0.0058	-0.245456703	-16.10943135	40.39133086
0.00585	0.140835822	-16.85526094	41.49309172
0.0059	0.38226866	-17.48759469	42.56244673
0.00595	0.671988063	-18.36313257	43.69661345
0.006	1.106567137	-19.23867234	44.81457533
0.00605	1.57333725	-20.08178338	45.7867166
0.0061	2.088393979	-20.77897271	46.67784514
0.00615	2.458590918	-21.29780969	47.69859328
0.0062	2.635641747	-21.84907541	48.73554244
0.00625	2.732214861	-22.5624772	49.69148268
0.0063	2.860979013	-23.11374292	50.59881606
0.00635	2.941456728	-23.60015306	51.47373976
0.0064	3.038029842	-24.20005998	52.31626524
0.00645	3.054125242	-24.63782892	53.04536833
0.0065	3.134602957	-25.05938539	53.58004775
0.00655	3.150698595	-25.35123262	53.79067625
0.0066	3.279462748	-25.38365945	53.77447524
0.00665	3.504800014	-25.41608629	53.79067625
0.0067	3.730137281	-25.41608629	53.93650069
0.00675	3.874997072	-25.44851312	54.32535567
0.0068	4.068143301	-25.6106511	54.89243712
0.00685	4.213003092	-25.9187108	55.42711653
0.0069	4.373958044	-26.14570245	55.8807794
0.00695	4.695868425	-26.27541169	56.1400186
0.007	4.889015131	-26.35647973	56.30204405
0.00705	5.146543436	-26.34026727	56.56127943
0.0071	5.243116312	-26.21055803	56.8043138
0.00715	5.29140275	-26.19434366	57.16076674
0.0072	5.371880465	-26.11327562	57.5334207
0.00725	5.532835894	-25.98356637	58.01949324
0.0073	5.790364199	-26.12948808	58.58657469
0.00735	5.951319151	-26.30783853	59.186062
0.0074	6.063988142	-26.59968576	59.67213072
0.00745	6.224943094	-26.64832696	60.30402388
0.0075	6.434184961	-26.46997651	60.80629744
0.00755	6.579044752	-26.12948808	61.38957991
0.0076	6.675618105	-25.83764276	61.98906722
0.00765	6.740000181	-25.74036035	62.78298201
0.0077	6.756095343	-25.70793351	63.62550749
0.00775	6.868764334	-25.82142839	64.45182433
0.0078	6.997528486	-25.88628396	65.24573912
0.00785	6.96533721	-25.75657472	65.94244017
0.0079	6.917050772	-25.36744508	66.4933206
0.00795	6.852668695	-25.205309	67.14141478
0.008	6.740000181	-25.14045343	67.96773924
0.00805	6.546853476	-25.205309	68.7454492
0.0081	6.385898523	-25.23773584	69.32873167
0.00815	6.434184961	-24.94589051	69.58797087
0.0082	6.418089323	-24.58918771	69.71759428
0.00825	6.305420809	-24.02170953	69.58797087
0.0083	5.999606066	-23.42180261	69.47455229
0.00835	5.677695684	-22.9678193	69.52315916
0.0084	5.548931532	-22.6111184	69.68518462
0.00845	5.468453817	-22.30305871	69.78239836
0.0085	5.436262541	-21.84907541	69.62037291
0.00855	5.355784826	-21.24917039	69.37733855
0.0086	5.194829874	-20.64926347	69.18291106
0.00865	4.872919493	-20.227707	69.31253447
0.0087	4.551009111	-19.85479173	69.78239836
0.00875	4.422244959	-19.69265565	70.23606505
0.0088	4.213003092	-19.33595475	70.60872282
0.00885	4.068143301	-18.88197145	70.62492003
0.0089	3.874997072	-18.46041497	70.51150908
0.00895	3.649659567	-18.08750161	70.09024443
0.009	3.295558147	-17.55244836	69.36114134
0.00905	2.844883614	-17.04982576	68.42140593
0.0091	2.329826765	-16.40127763	67.41685881
0.00915	1.846961193	-15.5257388	66.52573027
0.0092	1.57333725	-14.89340505	65.97484984
0.00925	1.315808945	-14.24485788	65.76421751
0.0093	1.251426868	-13.56388292	65.84522643
0.00935	1.203140311	-13.12611303	65.91003813
0.0094	0.993898504	-12.86669454	65.82902922
0.00945	0.816847734	-12.47756585	65.56979002
0.0095	0.623701476	-12.02358255	65.34295287
0.00955	0.366173126	-11.55338582	65.42396941
0.0096	0.028167166	-11.11561593	65.56979002
0.00965	-0.277647771	-10.83998403	65.6345941
0.0097	-0.422507472	-10.49949655	65.45637145
0.00975	-0.486889548	-9.915803044	65.05131163
0.0098	-0.631749279	-9.251042454	64.64625563
0.00985	-0.985850759	-8.699776738	64.58144392
0.0099	-1.372143335	-8.472785561	64.8244821
0.00995	-1.677958198	-8.505212872	65.19713225
0.01	-1.96767766	-8.553854077	65.37536253
0.01005	-2.257397003	-8.586281388	65.47257628
0.0101	-2.370065756	-8.472785561	65.6183969
0.01015	-2.450543232	-8.326862423	65.8938333
0.0102	-2.46663887	-8.116084664	66.02345671
0.01025	-2.418352194	-7.824237912	65.91003813
0.0103	-2.337874718	-7.386468499	65.56979002
0.01035	-2.450543232	-6.818989842	65.01890959
0.0104	-2.708071537	-6.154228299	64.30600371
0.01045	-3.013886518	-5.667818158	63.64170851
0.0105	-3.223128386	-5.294903367	62.86399474
0.01055	-3.3197015	-5.132766335	62.32931914
0.0106	-3.448465652	-5.067911713	62.07007994
0.01065	-3.625516481	-5.08412513	62.21590056
0.0107	-3.866949148	-5.165193646	62.71817412
0.01075	-3.931331224	-5.343544095	63.28525557
0.0108	-3.915235586	-5.700245469	63.836136
0.01085	-3.705993958	-6.300151913	64.37081541
0.0109	-3.545038767	-6.640638916	64.79207243
0.01095	-3.400178976	-6.673066227	64.98649992
0.011	-3.464561291	-6.31636533	64.80827727
0.01105	-3.448465652	-5.878595917	64.27360167
0.0111	-3.3357969	-5.375971406	63.78752913
0.01115	-3.480656691	-4.889561265	63.51208891
0.0112	-4.027904577	-4.435577958	63.28525557
0.01125	-4.607343264	-4.014021962	63.43107619
0.0113	-4.864871569	-3.900526373	63.85233702
0.01135	-4.880967207	-3.884312479	64.40321745
0.0114	-4.945349283	-3.932953684	64.85688414
0.01145	-5.138495512	-3.770816891	64.95409789
0.0115	-5.315546103	-3.446543067	64.56524291
0.01155	-5.428215094	-3.089841931	64.04676833
0.0116	-5.653552122	-2.797995656	63.52828993
0.01165	-5.782316275	-2.587217777	63.00981535
0.0117	-5.911080427	-2.457508295	62.4427339
0.01175	-5.959367342	-2.327798812	61.77843871
0.0118	-6.055940218	-2.181875675	61.0493318
0.01185	-6.03984458	-1.89002928	60.54705824
0.0119	-5.894985266	-1.841388195	60.5794641
0.01195	-5.782316275	-1.825174539	60.95211806
0.012	-5.621361322	-1.760319798	61.35717787
0.01205	-5.653552122	-1.695465057	61.47059264
0.0121	-5.782316275	-1.58196929	61.21135725
0.01215	-5.878889627	-1.387405066	60.74148573
0.0122	-5.766220636	-1.192840843	60.14199843
0.01225	-5.621361322	-1.095558702	59.44529738
0.0123	-5.653552122	-1.095558702	58.76480116
0.01235	-5.717934198	-1.111772387	58.06810011
0.0124	-5.637456484	-1.257695584	57.63063445
0.01245	-5.52478797	-1.322550325	57.29038634
0.0125	-5.52478797	-1.371191351	56.95013823
0.01255	-5.540883608	-1.419832437	56.67469801
0.0126	-5.460405893	-1.58196929	56.33444609
0.01265	-5.460405893	-1.598182945	55.97799696
0.0127	-5.589170046	-1.549541919	55.37850966
0.01275	-5.70183856	-1.436046093	54.68180861
0.0128	-5.70183856	-1.387405066	54.03371443
0.01285	-5.605265684	-1.436046093	53.59624876
0.0129	-5.605265684	-1.468473463	53.38562025
0.01295	-5.70183856	-1.517114549	53.20739378
0.013	-5.66964776	-1.630610316	53.04536833
0.01305	-5.605265684	-1.61439666	52.93195357
0.0131	-5.508692331	-1.500900834	52.64031233
0.01315	-5.460405893	-1.371191351	52.20284666
0.0132	-5.444310255	-1.27390924	51.65196623
0.01325	-5.251164026	-1.290122955	50.84185042
0.0133	-5.235068865	-1.338763981	49.90211119
0.01335	-5.267259665	-1.30633661	48.76794829
0.0134	-5.15459115	-1.27390924	47.53656783
0.01345	-5.074113436	-1.225268214	46.25658431
0.0135	-4.961444921	-1.176627128	44.89558424
0.01355	-4.84877593	-1.176627128	43.68040862
0.0136	-4.703916616	-1.160413473	42.49763884
0.01365	-4.623438902	-0.949635534	41.44448485
0.0137	-4.510769911	-0.819926067	40.47234358
0.01375	-4.510769911	-0.755071318	39.59741606
0.0138	-4.478579111	-0.738857633	38.90071501
0.01385	-4.430292673	-0.755071318	38.17160811
0.0139	-4.285432882	-0.771285004	37.36149229
0.01395	-4.237146444	-0.65778921	36.5675775
0.014	-4.060095377	-0.592934469	35.75745787
0.01405	-3.802567072	-0.528079725	34.68810286
0.0141	-3.609420843	-0.560507095	33.53773512
0.01415	-3.448465652	-0.54429341	32.22534575
0.0142	-3.3357969	-0.609148155	31.20459761
0.01425	-3.239223785	-0.479438676	30.24865927
0.0143	-3.190937347	-0.38215655	29.27651801
0.01435	-3.3197015	-0.38215655	28.40159048
0.0144	-3.255319424	-0.317301809	27.65628256
0.01445	-3.078268595	-0.365942864	27.26742567
0.0145	-2.949504442	-0.349729179	27.12160506
0.01455	-2.933409042	-0.365942864	27.18641486
0.0146	-3.062173195	-0.317301809	27.12160506
0.01465	-3.303605862	-0.268660753	26.87856879
0.0147	-3.367987938	-0.252447067	26.50591483
0.01475	-3.239223785	-0.236233382	25.93883337
0.0148	-3.029982157	-0.171378641	25.2907392
0.01485	-2.901218004	-0.138951271	24.73985877
0.0149	-2.708071537	-0.171378641	24.25378813
0.01495	-2.724167175	-0.074096529	23.7677175
0.015	-2.675880499	0.071826608	23.28164687
0.01505	-2.740262575	0.16910872	22.69836249
0.0151	-2.579307384	0.152895064	22.17988791
0.01515	-2.418352194	0.104253979	21.67761435
0.0152	-2.418352194	-0.009241788	21.45078101
0.01525	-2.353970118	-0.041669159	21.53179373
0.0153	-2.418352194	-0.057882874	21.66141142
0.01535	-2.498829908	-0.041669159	21.88824477
0.0154	-2.627594061	-0.025455503	22.08267226
0.01545	-2.708071537	-0.057882874	22.39051833
0.0155	-2.772453613	-0.009241788	22.503935
0.01555	-2.772453613	-0.041669159	22.52013602
0.0156	-2.772453613	-0.009241788	22.42292227
0.01565	-2.804644651	0.055612953	22.40671935
0.0157	-2.852931328	0.152895064	22.34191145
0.01575	-2.852931328	0.250177176	22.26089873
0.0158	-2.885122366	0.298818202	22.08267226
0.01585	-2.901218004	0.363673003	21.90444769
0.0159	-2.869026966	0.396100314	21.80723204
0.01595	-2.756358213	0.412313969	21.61280455
0.016	-2.724167175	0.298818202	21.11053099
0.01605	-2.643689461	0.152895064	20.52724661
0.0161	-2.627594061	0.023185582	19.99256911
0.01615	-2.627594061	-0.025455503	19.70092787
0.0162	-2.772453613	0.006971867	19.53890433
0.01625	-3.046077557	0.055612953	19.55510535
0.0163	-3.239223785	0.20153609	19.55510535
0.01635	-3.223128386	0.331245573	19.44168868
0.0164	-3.078268595	0.460955055	19.23105826
0.01645	-2.804644651	0.623091967	19.05283369
0.0165	-2.804644651	0.671732934	19.00422491
0.01655	-2.788549252	0.639305623	18.97182097
0.0166	-2.869026966	0.655519278	19.15004744
0.01665	-2.949504442	0.606878192	19.00422491
0.0167	-2.96560008	0.542023451	18.64777388
0.01675	-2.901218004	0.396100314	18.03208556
0.0168	-2.772453613	0.298818202	17.38399138
0.01685	-2.659785099	0.217749805	16.97893156
0.0169	-2.708071537	0.185322435	16.80070509
0.01695	-2.804644651	0.16910872	16.76830115
0.017	-2.852931328	0.20153609	16.5414678
0.01705	-2.933409042	0.282604547	16.26602854
0.0171	-2.82074029	0.20153609	15.90957655
0.01715	-2.740262575	0.20153609	15.56932749
0.0172	-2.804644651	0.185322435	15.2452804
0.01725	-2.852931328	0.152895064	14.95363726
0.0173	-2.997791119	0.136681349	14.51617445
0.01735	-2.949504442	0.120467694	14.20832934
0.0174	-2.82074029	0.16910872	13.85187735
0.01745	-2.659785099	0.217749805	13.36580672
0.0175	-2.627594061	0.104253979	13.00935568
0.01755	-2.498829908	0.055612953	12.71771254
0.0176	-2.46663887	0.088040323	12.60429682
0.01765	-2.48273427	0.088040323	12.73391547
0.0177	-2.514925308	0.104253979	13.1227714
0.01775	-2.611498423	0.152895064	13.30099787
0.0178	-2.724167175	0.104253979	13.39821162
0.01785	-2.724167175	-0.025455503	13.39821162
0.0179	-2.724167175	-0.171378641	13.43061652
0.01795	-2.708071537	-0.252447067	13.52783026
0.018	-2.691976137	-0.365942864	13.62504496
0.01805	-2.83683569	-0.398370235	13.57643809
0.0181	-2.804644651	-0.479438676	13.46302142
0.01815	-2.643689461	-0.479438676	13.33340277
0.0182	-2.531020947	-0.414583935	13.36580672
0.01825	-2.434447832	-0.398370235	13.34960474
0.0183	-2.450543232	-0.301088123	13.36580672
0.01835	-2.48273427	-0.317301809	13.41441454
0.0184	-2.531020947	-0.398370235	13.54403319
0.01845	-2.724167175	-0.333515494	13.57643809
0.0185	-2.933409042	-0.268660753	13.7870685
0.01855	-2.997791119	-0.301088123	13.88428225
0.0186	-3.062173195	-0.236233382	13.90048422
0.01865	-2.98169548	-0.171378641	13.85187735
0.0187	-3.126555271	-0.155164956	13.81947245
0.01875	-3.3197015	-0.236233382	13.83567538
0.0188	-3.384083576	-0.252447067	13.77086558
0.01885	-3.367987938	-0.268660753	13.7870685
0.0189	-3.239223785	-0.187592326	13.94909205
0.01895	-3.190937347	-0.074096529	14.20832934
0.019	-3.190937347	-0.057882874	14.53237643
0.01905	-3.207032747	-0.090310245	14.72680487
0.0191	-3.190937347	-0.187592326	14.69439997
0.01915	-3.255319424	-0.236233382	14.6457931
0.0192	-3.190937347	-0.398370235	14.49997153
0.01925	-3.094364233	-0.495652362	14.46756663
0.0193	-3.142650671	-0.479438676	14.51617445
0.01935	-3.239223785	-0.414583935	14.53237643
0.0194	-3.223128386	-0.333515494	14.56478133
0.01945	-3.207032747	-0.236233382	14.56478133
0.0195	-3.223128386	-0.203806012	14.6457931
0.01955	-3.287510462	-0.122737615	14.74300684
0.0196	-3.239223785	-0.074096529	14.80781664
0.01965	-3.190937347	-0.090310245	14.62959017
0.0197	-3.142650671	-0.138951271	14.48376955
0.01975	-3.013886518	-0.301088123	14.30554308
0.0198	-2.933409042	-0.38215655	14.11111559
0.01985	-2.852931328	-0.447011306	14.06250777
0.0199	-2.885122366	-0.349729179	13.98149599
0.01995	-2.901218004	-0.236233382	13.98149599
0.02	-2.869026966	-0.155164956	13.93288912
0.02005	-2.83683569	-0.1065239	13.7870685
0.0201	-2.772453613	-0.171378641	13.72225871
0.02015	-2.83683569	-0.138951271	13.52783026
0.0202	-2.82074029	-0.203806012	13.47922339
0.02025	-2.691976137	-0.171378641	13.26859297
0.0203	-2.627594061	-0.171378641	12.99315276
0.02035	-2.563211985	-0.171378641	12.70151057
0.0204	-2.337874718	-0.171378641	12.44227328
0.02045	-2.257397003	-0.1065239	12.23164191
0.0205	-2.225205965	-0.138951271	12.06961836
0.02055	-2.209110327	-0.138951271	11.92379775
0.0206	-2.257397003	-0.090310245	11.90759482
0.02065	-2.144728251	-0.057882874	11.90759482
0.0207	-2.048155136	-0.009241788	12.02101149
0.02075	-2.096441813	0.104253979	12.11822619
0.0208	-2.080346174	0.152895064	12.29645171
0.02085	-2.176919289	0.16910872	12.45847525
0.0209	-2.321779079	0.233963461	12.65290369
0.02095	-2.321779079	0.347459228	12.81492724
0.021	-2.450543232	0.412313969	12.81492724
0.02105	-2.337874718	0.396100314	12.66910567
0.0211	-2.209110327	0.233963461	12.32885661
0.02115	-2.112537212	0.088040323	11.92379775
0.0212	-1.935486622	-0.090310245	11.6645595
0.02125	-1.855008907	-0.187592326	11.55114378
0.0213	-1.774531312	-0.1065239	11.50253691
0.02135	-1.710149236	-0.025455503	11.59975066
0.0214	-1.726244755	0.023185582	11.63215556
0.02145	-1.742340274	0.088040323	11.55114378
0.0215	-1.726244755	0.20153609	11.50253691
0.02155	-1.726244755	0.250177176	11.40532221
0.0216	-1.661862679	0.298818202	11.32431044
0.02165	-1.597480602	0.298818202	11.14608492
0.0217	-1.581385083	0.266390831	11.01646628
0.02175	-1.533098526	0.250177176	10.88684668
0.0218	-1.452620931	0.315031917	10.75722804
0.02185	-1.388238854	0.460955055	10.59520449
0.0219	-1.259474583	0.525809796	10.40077605
0.02195	-1.13071043	0.623091967	10.28736033
0.022	-1.034137316	0.671732934	10.31976427
0.02205	-1.001946278	0.81765619	10.3359672
0.0221	-1.001946278	0.898724587	10.38457407
0.02215	-0.985850759	0.996006639	10.49799075
0.0222	-0.985850759	1.125716121	10.69241919
0.02225	-1.082423873	1.206784637	10.87064471
0.0223	-1.291665621	1.287853034	11.14608492
0.02235	-1.533098526	1.385135086	11.47013201
0.0224	-1.597480602	1.482417257	11.6645595
0.02245	-1.549194045	1.482417257	11.71316733
0.0225	-1.484811969	1.401348741	11.64835753
0.02255	-1.46871645	1.255425603	11.53494086
0.0226	-1.452620931	1.206784637	11.40532221
0.02265	-1.356047697	1.109502466	11.30810847
0.0227	-1.259474583	1.158143551	11.1622869
0.02275	-1.13071043	1.174357207	11.00026335
0.0228	-1.050232835	1.287853034	10.96785845
0.02285	-0.969755239	1.336494119	10.87064471
0.0229	-0.969755239	1.482417257	10.78963293
0.02295	-1.050232835	1.514844568	10.77343096
0.023	-1.082423873	1.595913084	10.77343096
0.02305	-1.162901468	1.64455405	10.77343096
0.0231	-1.259474583	1.741836221	10.66001429
0.02315	-1.291665621	1.903973014	10.64381136
0.0232	-1.372143335	2.049896152	10.85444273
0.02325	-1.484811969	2.228246839	11.09747805
0.0233	-1.677958198	2.374169977	11.42152514
0.02335	-1.774531312	2.455238254	11.71316733
0.0234	-1.758435793	2.406597288	11.74557127
0.02345	-1.80672235	2.325528772	11.97240462
0.0235	-1.790626831	2.374169977	12.16683306
0.02355	-1.790626831	2.406597288	12.32885661
0.0236	-1.80672235	2.439024599	12.45847525
0.02365	-1.887199945	2.390383632	12.49088015
0.0237	-1.999868698	2.390383632	12.44227328
0.02375	-2.015964098	2.325528772	12.31265368
0.0238	-1.999868698	2.374169977	12.16683306
0.02385	-1.98377306	2.26067415	11.92379775
0.0239	-1.903295584	2.276887805	11.63215556
0.02395	-1.838913507	2.455238254	11.42152514
0.024	-1.710149236	2.584947736	11.21089377
0.02405	-1.645767159	2.666016252	10.87064471
0.0241	-1.436525412	2.747084768	10.54659762
0.02415	-1.275570102	2.714657218	10.25495543
0.0242	-1.13071043	2.730871112	9.817491669
0.02425	-0.969755239	2.763298423	9.590658326
0.0243	-0.921468682	2.925435216	9.55825438
0.02435	-0.985850759	3.038931043	9.623063225
0.0244	-1.114614911	3.217281492	9.849896569
0.02445	-1.323856659	3.330777318	10.04432501
0.0245	-1.436525412	3.476700695	10.3359672
0.02455	-1.565289564	3.703692348	10.66001429
0.0246	-1.645767159	3.849615486	10.78963293
0.02465	-1.613576121	3.898256214	10.80583491
0.0247	-1.645767159	3.979324729	10.82203783
0.02475	-1.710149236	3.800974281	10.88684668
0.0248	-1.661862679	3.800974281	10.91925158
0.02485	-1.613576121	3.719905765	10.90304961
0.0249	-1.484811969	3.719905765	10.85444273
0.02495	-1.388238854	3.719905765	10.67621626
0.025	-1.275570102	3.752333076	10.53039565
0.02505	-1.275570102	3.76854697	10.38457407
0.0251	-1.339952178	3.76854697	10.2387525
0.02515	-1.291665621	3.914470108	10.3683721
0.0252	-1.46871645	4.222530277	10.48178782
0.02525	-1.774531312	4.481949241	10.82203783
0.0253	-2.080346174	4.790008934	11.00026335
0.02535	-2.257397003	4.968359382	11.24329867
0.0254	-2.30568368	5.179137619	11.38912024
0.02545	-2.353970118	5.211564929	11.38912024
0.0255	-2.434447832	5.130496414	11.29190554
0.02555	-2.337874718	4.968359382	11.03266825
0.0256	-2.080346174	4.952145965	10.70862116
0.02565	-1.887199945	4.838650138	10.49799075
0.0257	-1.645767159	4.806222827	10.38457407
0.02575	-1.500907488	4.90350476	10.41697897
0.0258	-1.517003007	4.952145965	10.56279959
0.02585	-1.613576121	5.292633445	10.82203783
0.0259	-1.758435793	5.616907032	11.1946918
0.02595	-1.96767766	5.908753307	11.48633398
0.026	-2.032059736	6.119531066	11.7617742
0.02605	-2.176919289	6.34652272	11.93999972
0.0261	-2.370065756	6.541087062	12.11822619
0.02615	-2.563211985	6.784292133	12.45847525
0.0262	-2.804644651	6.946429164	12.78252234
0.02625	-3.013886518	7.205848129	13.07416453
0.0263	-3.174841709	7.319343956	13.46302142
0.02635	-3.255319424	7.546335132	13.72225871
0.0264	-3.303605862	7.627404125	13.90048422
0.02645	-3.239223785	7.627404125	13.98149599
0.0265	-3.078268595	7.48148051	13.73846068
0.02655	-2.96560008	7.157206924	13.51162829
0.0266	-2.804644651	7.092352302	13.33340277
0.02665	-2.740262575	7.286916645	13.41441454
0.0267	-2.869026966	7.449053676	13.41441454
0.02675	-3.046077557	7.594976337	13.38200964
0.0268	-3.223128386	7.643617542	13.41441454
0.02685	-3.223128386	7.773326786	13.43061652
0.0269	-3.351892538	7.967891605	13.52783026
0.02695	-3.448465652	8.081387432	13.46302142
0.027	-3.528943367	8.048959644	13.52783026
0.02705	-3.512847729	8.032746227	13.49542632
0.0271	-3.432370014	7.951677234	13.39821162
0.02715	-3.351892538	8.065173061	13.47922339
0.0272	-3.3197015	8.194883258	13.64124693
0.02725	-3.384083576	8.308379085	13.98149599
0.0273	-3.528943367	8.486729534	14.20832934
0.02735	-3.625516481	8.58401099	14.30554308
0.0274	-3.705993958	8.567797573	14.37035288
0.02745	-3.561134405	8.551584156	14.35415091
0.0275	-3.561134405	8.567797573	14.40275778
0.02755	-3.641611881	8.843430431	14.678198
0.0276	-3.786471672	9.26498595	15.09945883
0.02765	-4.027904577	9.475764186	15.37489905
0.0277	-4.172764368	9.459550769	15.58552947
0.02775	-4.285432882	9.329840572	15.69894614
0.0278	-4.398101397	9.248772533	15.71514811
0.02785	-4.510769911	9.394695194	15.94198145
0.0279	-4.623438902	9.718969257	16.24982562
0.02795	-4.703916616	9.978388698	16.50906386
0.028	-4.832680769	10.17295256	16.80070509
0.02805	-4.897062845	10.09188452	16.94652762
0.0281	-4.929253645	10.10809794	16.99513449
0.02815	-4.832680769	10.05945674	16.99513449
0.0282	-4.768298693	10.01081553	16.97893156
0.02825	-4.703916616	10.01081553	16.81690802
0.0283	-4.720011778	9.94596091	16.5738727
0.02835	-4.736107416	9.848678501	16.29843249
0.0284	-4.67172534	9.637901218	16.0716001
0.02845	-4.607343264	9.475764186	15.76375498
0.0285	-4.591247625	9.540618808	15.50451769
0.02855	-4.542961187	9.540618808	15.29388728
0.0286	-4.382005758	9.524405391	15.1480657
0.02865	-4.398101397	9.556832225	15.08325686
0.0287	-4.446387835	9.589260013	15.03464903
0.02875	-4.542961187	9.573046596	15.19667258
0.0288	-4.526865549	9.556832225	15.27768435
0.02885	-4.462483473	9.427122982	15.43970789
0.0289	-4.446387835	9.427122982	15.52071967
0.02895	-4.430292673	9.443336399	15.53692259
0.029	-4.510769911	9.621686847	15.76375498
0.02905	-4.607343264	9.881106288	15.9743854
0.0291	-4.720011778	9.848678501	16.13640894
0.02915	-4.752203054	9.70275584	16.02299323
0.0292	-4.655629702	9.556832225	15.89337363
0.02925	-4.526865549	9.216344745	15.53692259
0.0293	-4.414197035	9.005567462	15.1804706
0.02935	-4.285432882	9.070422084	14.85642352
0.0294	-4.253241606	9.119063289	14.6133882
0.02945	-4.172764368	9.119063289	14.5809833
0.0295	-4.092286654	9.183917911	14.56478133
0.02955	-4.092286654	9.151490123	14.51617445
0.0296	-4.108382292	9.070422084	14.43516268
0.02965	-4.044000216	8.989353092	14.27313914
0.0297	-4.027904577	8.973139675	14.15972247
0.02975	-4.027904577	8.827217014	14.01390089
0.0298	-3.931331224	8.648866565	13.73846068
0.02985	-3.770376034	8.308379085	13.38200964
0.0299	-3.722089596	8.194883258	13.23618807
0.02995	-3.65770752	8.097600849	13.10656943
0.03	-3.609420843	8.032746227	12.97695078
0.03005	-3.689898558	7.951677234	12.84733214
0.0301	-3.641611881	7.903036983	12.62049879
0.03015	-3.512847729	7.708472164	12.34505858
0.0302	-3.3357969	7.594976337	11.95620264
0.03025	-3.126555271	7.416625888	11.61595263
0.0303	-2.997791119	7.286916645	11.29190554
0.03035	-2.949504442	7.157206924	11.06507315
0.0304	-2.997791119	7.157206924	10.95165648
0.03045	-2.98169548	7.043711097	10.78963293
0.0305	-2.997791119	6.865360649	10.66001429
0.03055	-2.804644651	6.6870102	10.43318095
0.0306	-2.724167175	6.541087062	10.2711574
0.03065	-2.675880499	6.524873168	10.20634856
0.0307	-2.611498423	6.638368995	10.14153876
0.03075	-2.804644651	6.638368995	9.947110314
0.0308	-2.675880499	6.378950031	9.655468125
0.03085	-2.450543232	6.103317649	9.363825936
0.0309	-2.225205965	5.924967201	9.185600418
0.03095	-2.176919289	5.779044063	8.991171975
0.031	-2.128632851	5.665548236	8.699529786
0.03105	-2.112537212	5.438556583	8.37548222
0.0311	-2.080346174	5.276419551	8.116244454
0.03115	-1.98377306	5.179137619	7.857007164
0.0312	-1.855008907	5.130496414	7.727388043
0.03125	-1.80672235	4.952145965	7.516757626
0.0313	-1.758435793	4.725154312	7.192710537
0.03135	-1.710149236	4.530589969	6.884865898
0.0314	-1.694053717	4.336025627	6.641830582
0.03145	-1.742340274	4.10903445	6.463604588
0.0315	-1.694053717	4.01175204	6.317783493
0.03155	-1.597480602	3.817187698	6.139557499
0.0316	-1.452620931	3.655051143	5.84791531
0.03165	-1.243379064	3.444273384	5.685891766
0.0317	-1.195092506	3.346990974	5.540070671
0.03175	-1.195092506	3.314563663	5.41045155
0.0318	-1.211188025	3.201067836	5.361844677
0.03185	-1.146805949	3.055144699	5.264630455
0.0319	-1.034137316	2.909221561	5.054000039
0.03195	-0.937564201	2.763298423	4.875774044
0.032	-0.937564201	2.714657218	4.7461554
0.03205	-0.95365972	2.617375286	4.616536517
0.0321	-0.95365972	2.568734081	4.665143389
0.03215	-0.921468682	2.60116163	4.72995295
0.0322	-0.95365972	2.633588941	4.843369145
0.03225	-1.098519392	2.763298423	4.989190716
0.0323	-1.227283545	2.795725734	4.940583367
0.03235	-1.259474583	2.649802597	4.891976494
0.0324	-1.162901468	2.487665803	4.681345839
0.03245	-1.066328354	2.309315116	4.551726956
0.0325	-1.001946278	2.19581929	4.438310522
0.03255	-0.889277644	2.114751012	4.3735012
0.0326	-0.873182125	2.098537357	4.438310522
0.03265	-0.840991087	2.163391979	4.454512972
0.0327	-0.969755239	2.244460495	4.503119845
0.03275	-1.018041797	2.293101461	4.470715184
0.0328	-0.937564201	2.212033184	4.35729875
0.03285	-0.921468682	2.082323701	4.179072995
0.0329	-0.873182125	2.001255186	4.033251662
0.03295	-0.873182125	1.839118392	3.919835228
0.033	-0.824895568	1.790477188	3.822621245
0.03305	-0.873182125	1.758049877	3.806418795
0.0331	-0.905373163	1.774263532	3.871228117
0.03315	-0.873182125	1.64455405	3.855025906
0.0332	-0.760513432	1.579699428	3.774014134
0.03325	-0.680035837	1.466203601	3.6605977
0.0333	-0.744417913	1.43377629	3.644395251
0.03335	-0.680035837	1.531058223	3.644395251
0.0334	-0.696131356	1.70940891	3.725407023
0.03345	-0.728322394	1.936400325	3.936037678
0.0335	-0.857086606	2.179605634	4.227679867
0.03355	-1.098519392	2.439024599	4.584131617
0.0336	-1.178996987	2.552520425	4.794762272
0.03365	-1.227283545	2.552520425	4.940583367
0.0337	-1.243379064	2.617375286	5.086404461
0.03375	-1.30776114	2.666016252	5.199821133
0.0338	-1.339952178	2.714657218	5.345642228
0.03385	-1.500907488	2.779512079	5.540070671
0.0339	-1.549194045	2.795725734	5.815510411
0.03395	-1.533098526	2.893007905	5.912724633
0.034	-1.581385083	2.925435216	6.090950627
0.03405	-1.694053717	3.103785665	6.252974171
0.0341	-1.790626831	3.233495147	6.447402138
0.03415	-1.790626831	3.330777318	6.690437455
0.0342	-1.80672235	3.42805949	6.949675221
0.03425	-1.838913507	3.557768734	7.111698765
0.0343	-1.838913507	3.573982627	7.208912987
0.03435	-1.903295584	3.703692348	7.306127209
0.0344	-1.919390984	3.752333076	7.403340954
0.03445	-1.96767766	3.736119659	7.419543404
0.0345	-2.064250774	3.67126456	7.484352726
0.03455	-2.064250774	3.655051143	7.613971848
0.0346	-2.096441813	3.752333076	7.67878117
0.03465	-2.176919289	3.898256214	7.889411587
0.0347	-2.289588041	4.01175204	8.019030709
0.03475	-2.289588041	4.044179351	8.132446904
0.0348	-2.353970118	4.173889072	8.310672898
0.03485	-2.450543232	4.287384899	8.505101342
0.0349	-2.531020947	4.498162658	8.731933731
0.03495	-2.675880499	4.676513107	8.82914843
0.035	-2.772453613	4.790008934	8.86155333
0.03505	-2.788549252	4.822436244	8.958767075
0.0351	-2.724167175	4.838650138	9.023576874
0.03515	-2.804644651	4.952145965	9.08838572
0.0352	-2.788549252	5.130496414	9.153195519
0.03525	-2.885122366	5.276419551	9.250409264
0.0353	-2.997791119	5.389915378	9.315219063
0.03535	-3.078268595	5.373701484	9.347623963
0.0354	-3.078268595	5.406129272	9.299016137
0.03545	-2.96560008	5.260206134	9.120790619
0.0355	-2.804644651	5.049427898	9.072183747
0.03555	-2.740262575	4.984573276	9.039778847
0.0356	-2.756358213	5.11428252	9.05598082
0.03565	-2.83683569	5.162923725	9.08838572
0.0357	-2.772453613	5.065641792	8.926362175
0.03575	-2.675880499	4.919718654	8.877755303
0.0358	-2.595403023	4.854863555	8.731933731
0.03585	-2.514925308	4.757581623	8.683326859
0.0359	-2.595403023	4.725154312	8.602315087
0.03595	-2.595403023	4.66029969	8.537505764
0.036	-2.531020947	4.579231174	8.40788712
0.03605	-2.450543232	4.498162658	8.278267998
0.0361	-2.321779079	4.384666831	8.116244454
0.03615	-2.241301365	4.417094142	7.986625809
0.0362	-2.257397003	4.368453414	7.921816487
0.03625	-2.176919289	4.287384899	7.857007164
0.0363	-2.209110327	4.222530277	7.67878117
0.03635	-2.160823889	4.060393245	7.581566948
0.0364	-1.96767766	3.995538623	7.419543404
0.03645	-1.951582022	4.044179351	7.25751986
0.0365	-1.96767766	3.995538623	7.176508088
0.03655	-1.96767766	3.930683525	7.144103665
0.0366	-1.999868698	3.849615486	7.127901215
0.03665	-1.951582022	3.655051143	7.095496315
0.0367	-1.838913507	3.541555316	6.933472771
0.03675	-1.871104546	3.573982627	6.868663449
0.0368	-1.951582022	3.752333076	6.917270321
0.03685	-1.98377306	3.849615486	6.917270321
0.0369	-1.999868698	3.898256214	6.884865898
0.03695	-1.96767766	3.849615486	6.722842354
0.037	-1.790626831	3.719905765	6.609425682
0.03705	-1.726244755	3.622623832	6.496009488
0.0371	-1.597480602	3.476700695	6.366390366
0.03715	-1.613576121	3.492914112	6.236771721
0.0372	-1.645767159	3.460486801	6.123355049
0.03725	-1.613576121	3.444273384	5.961331505
0.0373	-1.533098526	3.249709041	5.766903538
0.03735	-1.420429893	3.055144699	5.507665772
0.0374	-1.259474583	2.795725734	5.313237805
0.03745	-1.195092506	2.763298423	5.135011811
0.0375	-1.227283545	2.60116163	4.956785817
0.03755	-1.195092506	2.633588941	4.891976494
0.0376	-1.162901468	2.617375286	4.875774044
0.03765	-1.13071043	2.633588941	4.908178944
0.0377	-1.098519392	2.633588941	4.924380917
0.03775	-1.13071043	2.633588941	4.908178944
0.0378	-1.098519392	2.53630677	4.778559822
0.03785	-1.114614911	2.471452148	4.7461554
0.0379	-1.146805949	2.374169977	4.681345839
0.03795	-1.211188025	2.357956321	4.551726956
0.038	-1.162901468	2.293101461	4.519322295
0.03805	-1.050232835	2.19581929	4.519322295
0.0381	-1.018041797	2.228246839	4.551726956
0.03815	-0.937564201	2.374169977	4.551726956
0.0382	-0.937564201	2.503879459	4.648941178
0.03825	-0.95365972	2.714657218	4.762357373
0.0383	-1.034137316	2.941648872	4.875774044
0.03835	-1.162901468	3.103785665	4.956785817
0.0384	-1.227283545	3.282136352	4.940583367
0.03845	-1.291665621	3.298350008	4.956785817
0.0385	-1.291665621	3.265922697	4.972988266
0.03855	-1.388238854	3.282136352	4.972988266
0.0386	-1.388238854	3.314563663	5.005392689
0.03865	-1.517003007	3.314563663	5.005392689
0.0387	-1.452620931	3.411845596	5.021595139
0.03875	-1.46871645	3.444273384	5.005392689
0.0388	-1.484811969	3.573982627	5.021595139
0.03885	-1.436525412	3.590196521	5.037797589
0.0389	-1.46871645	3.460486801	4.940583367
0.03895	-1.388238854	3.265922697	4.875774044
0.039	-1.30776114	3.103785665	4.794762272
0.03905	-1.259474583	3.038931043	4.7137505
0.0391	-1.195092506	2.957862527	4.648941178
0.03915	-1.243379064	3.006503732	4.648941178
0.0392	-1.275570102	2.990290077	4.648941178
0.03925	-1.323856659	3.038931043	4.72995295
0.0393	-1.339952178	3.136213214	4.778559822
0.03935	-1.452620931	3.201067836	4.859571595
0.0394	-1.500907488	3.282136352	4.891976494
0.03945	-1.533098526	3.395632179	4.940583367
0.0395	-1.565289564	3.411845596	4.940583367
0.03955	-1.517003007	3.282136352	4.891976494
0.0396	-1.420429893	3.282136352	4.924380917
0.03965	-1.565289564	3.395632179	4.924380917
0.0397	-1.62967164	3.541555316	5.005392689
0.03975	-1.645767159	3.752333076	5.070202488
0.0398	-1.677958198	3.865828903	5.167416233
0.03985	-1.710149236	3.833401592	5.264630455
0.0399	-1.677958198	3.898256214	5.264630455
0.03995	-1.62967164	3.898256214	5.264630455
